Sor-szám,Technikai szám,Név,Székhely,Felajánlott összeg (Ft),Felajánlók száma (fő),Havi bruttó átlagbér (Ft)
1.,1823,NEMZETI TEHETSÉG PROGRAM FELADATAI,,"3,352,703,950","342,047","544,549"
2.,0097,A BIBLIA SZÓL EGYESÜLET,1089 BUDAPEST GOLGOTA UTCA 3.,"7,357,318",927,"440,928"
3.,2295,A FÉNY LOVAGJAI ÉS TESTVÉRISÉGE EGYESÜLET,2120 DUNAKESZI SZENT ISTVÁN UTCA 15.,"11,904,941","1,233","536,404"
4.,2398,A KÉK SZALAG ÚTJA FÜGGETLEN BUDDHISTA REND EGYHÁZA,6331 FOKTŐ FŐ ÚT 88.,"33,266,867","3,313","557,851"
5.,2549,A LOKAPÁLA EGYHÁZ,5000 SZOLNOK ZRÍNYI UTCA 12.,"27,733,619","2,650","581,418"
6.,0561,A METAFIZIKAI HAGYOMÁNY CENTRUMA,4029 DEBRECEN KÍGYÓ UTCA 26. TETŐTÉR.em. 12.ajtó,"20,692,658","1,990","577,684"
7.,0255,A TAN KAPUJA BUDDHISTA EGYHÁZ,1098 BUDAPEST BŐRZSŐNY U 11,"477,026,597","44,102","600,913"
8.,2800,A TUDATOS ÉS SPIRITUÁLIS FEJLŐDÉSÉRT KÖZÖSSÉG,1148 BUDAPEST ADRIA SÉTÁNY 1. A.lh. I.em. 15.ajtó,"20,821,949","2,010","575,510"
9.,2848,ABZU SPIRITUÁLIS EGYHÁZA,2338 ÁPORKA ERDŐ UTCA 3.,"1,059,324",119,"494,549"
10.,2130,AGAPÉ GYÜLEKEZETEK KÖZÖSSÉGE,1181 BUDAPEST KONDOR BÉLA SÉTÁNY 18.,"21,847,724","3,310","366,696"
11.,2790,ANDROGINIA AZ EMBERI TELJESSÉG EGYHÁZA EGYESÜLET,6725 SZEGED MOSZKVAI KÖRÚT 21. 4.ajtó,"258,464",19,"755,743"
12.,0839,ANKH AZ ÖRÖK ÉLET EGYHÁZA,1113 BUDAPEST BADACSONYI UTCA 5.,"3,548,342",349,"564,843"
13.,2910,ANTOANISTA VALLÁS EGYESÜLET,4501 KEMECSE TÁNCSICS MIHÁLY UTCA 15.,"102,691",14,"407,504"
14.,2288,APOSTOLI PÜNKÖSDI GYÜLEKEZET EGYESÜLET,7900 SZIGETVÁR SZÉCHENYI UTCA 79.,"618,660",80,"429,625"
15.,2525,ARATÁS KERESZTÉNY EGYESÜLET,1077 BUDAPEST ROTTENBILLER UTCA 44. FSZT.em. Ü-8.ajtó,"1,903,105",192,"550,667"
16.,1483,ÁRKÁDIA FÉNYEINEK SPIRITUÁLIS EGYHÁZA,4600 KISVÁRDA VIRÁGH FERENC U. 58,"19,223,722","2,331","458,166"
17.,1809,ÁRPÁD RENDJÉNEK JOGALAPJA TRADICIONÁLIS EGYESÜLET,8164 BALATONFŐKAJÁR ÁRPÁD UTCA 60.,"5,371,586",538,"554,687"
18.,2886,ATEMI BUDO ACADEMY MEGVILÁGOSODÁS ÚTJÁNAK KÖZÖSSÉGE ATEMI MEGVILÁGOSODÁS SZTÚPÁJA,2081 PILISCSABA VÖLGY UTCA 2.,"2,923,180",253,"641,893"
19.,0176,AZ ÜDVHADSEREG SZABADEGYHÁZ-MAGYARORSZÁG,1064 BUDAPEST RÓZSA UTCA 111. II.em.,"68,690,701","6,781","562,771"
20.,1988,BÉKE GYÜLEKEZET,2500 ESZTERGOM MIKSZÁTH KÁLMÁN UTCA 36.,"5,685,028",696,"453,786"
21.,2855,BÉKÉSI ÉBEN-HÁÉZER VALLÁSI EGYESÜLET,5742 ELEK KÉTEGYHÁZI ÚT 68.,"184,987",26,"395,271"
22.,2862,BÉKÉSI ÉLIM KERESZTÉNY EGYESÜLET,5746 KUNÁGOTA ÁRPÁD UTCA 66.,"615,650",83,"412,082"
23.,2934,BEREGI ÉLET ÚT KERESZTÉNY EGYESÜLET,4334 HODÁSZ BARTÓK BÉLA UTCA 9.,"433,899",42,"573,940"
24.,1751,BÉT ORIM REFORM ZSIDÓ HITKÖZSÉG EGYHÁZ,1065 BUDAPEST RÉVAY UTCA 16.,"6,048,668",492,"683,002"
25.,2518,BHARATA HINDU KÖZÖSSÉG,7086 OZORA PETŐFI SÁNDOR UTCA 45/B.,"17,490,365","1,519","639,689"
26.,2604,BORSODI ALFA VALLÁSI EGYESÜLET,3659 SÁTA SZÉCHENYI UTCA 37.,"4,644,660",406,"635,558"
27.,0420,BUDAI SZERB ORTODOX EGYHÁZMEGYE,2000 SZENTENDRE PÁTRIÁRKA UTCA 5.,"25,882,057","2,102","684,059"
28.,0664,BUDAPESTI AUTONÓM GYÜLEKEZET,1184 BUDAPEST NEFELEJCS UTCA 9-11.,"14,028,562","1,521","512,403"
29.,2501,BUDAPESTI KEGYELEM METODISTA GYÜLEKEZET VALLÁSI EGYESÜLET,1068 BUDAPEST FELSŐERDŐSOR UTCA 5.,"1,005,069",80,"697,965"
30.,0341,BUDDHISTA MISSZIÓ MAGYARORSZÁGI ÁRYA MAITREYA MANDALA EGYHÁZKÖZÖSSÉG,1112 BUDAPEST SUSULYKA U. 240,"116,172,163","11,564","558,112"
31.,2831,CSANÁDI FÉNY ÉS ÉLET VALLÁSI EGYESÜLET,6900 MAKÓ BETHLEN UTCA 94.,"513,163",63,"452,525"
32.,2611,CSONGRÁDI AGAPÉ SZERETET VALLÁSI EGYESÜLET,6787 ZÁKÁNYSZÉK KOSSUTH UTCA 1.,"2,064,445",228,"503,032"
33.,2570,DANUBE NEMZETKÖZI VALLÁSI KÖZÖSSÉG EGYESÜLET,2040 BUDAÖRS ALSÓHATÁR UTCA 14.,"2,293,012",163,"781,531"
34.,1658,DÁVID SÁTORA GYÜLEKEZET EGYHÁZ,8000 SZÉKESFEHÉRVÁR LÉVAI UTCA 11.,"1,820,670",214,"472,656"
35.,1971,DE LA SALLE SZENT JÁNOS EGYESÜLET,7394 MAGYARHERTELEND KOSSUTH LAJOS UTCA 53/C.,"3,555,013",254,"777,562"
36.,1476,DHARMALING MAGYARORSZÁG BUDDHISTA EGYESÜLET,7200 DOMBÓVÁR KRÚDY GYULA UTCA 25.,"12,861,993","1,144","624,611"
37.,1593,DUNA-TISZA-MENTI KERESZTÉNY EGYESÜLET,1119 BUDAPEST ANDOR UTCA 21. C.lh. FSZT.em. 1.ajtó,"3,367,230",345,"542,227"
38.,2453,DZSAJ BHÍM TRIRATNA BUDDHISTA KÖZÖSSÉG,7623 PÉCS SZABADSÁG UTCA 21.,"24,507,387","2,042","666,759"
39.,2680,ECO-TUDATOSSÁG ENERGIÁJA EGYESÜLET,2131 GÖD GÁRDONYI GÉZA UTCA 8.,"18,935,637","1,816","579,284"
40.,0743,EGYESÍTŐ KÖZÖSSÉG EGYESÜLET,1078 BUDAPEST HERNÁD UTCA 35. FSZT.em.,"1,555,008",192,"449,944"
41.,1287,EGYSÉGES MAGYARORSZÁGI IZRAELITA HITKÖZSÉG (STATUSQUO ANTE),1037 BUDAPEST BOKOR UTCA 1-5.,"29,087,381","3,020","535,088"
42.,2068,EKKLESIA GYÜLEKEZET,4400 NYÍREGYHÁZA DEÁK FERENC UTCA 13.,"4,143,190",542,"424,681"
43.,0781,ÉLET GYÜLEKEZETE EGYESÜLET,3700 KAZINCBARCIKA KISERDŐ SOR 31.,"2,237,301",273,"455,291"
44.,2738,ELIZABETH SANDERS KERESZTÉNY MISSZIÓ,1202 BUDAPEST LEININGEN UTCA 14.,"3,605,769",389,"514,963"
45.,0482,ÉLŐ IGE GYÜLEKEZET EGYESÜLET,2310 SZIGETSZENTMIKLÓS NARANCS UTCA 35.,"3,557,557",424,"466,137"
46.,1548,ÉLŐ ISTEN GYÜLEKEZETE,1211 BUDAPEST II. RÁKÓCZI F. UTCA 71.,"1,332,611",160,"462,712"
47.,2336,ERDEI REZERVÁTUM TERMÉSZETVALLÁSI KÖZÖSSÉG,1194 BUDAPEST KISS JÁNOS ALTÁBORNAGY UTCA 13.,"21,396,950","2,265","524,821"
48.,0334,ERDÉLYI GYÜLEKEZET,2440 SZÁZHALOMBATTA SZENT LÁSZLÓ ÚT 46/A. 1.lh.,"106,823,670","10,533","563,434"
49.,1108,EREDETI FÉNY ZEN KÖZÖSSÉG,2500 ESZTERGOM BÚBOSBANKA UTCA 61.,"93,445,793","8,712","595,895"
50.,0891,EVANGÉLIUMI BARÁTSÁG EGYHÁZ,7130 TOLNA ARANY J. UTCA 1/A.,"4,908,499",559,"487,825"
51.,2635,FELÉLEDÉSI KÖZÖSSÉG BIBLIAI EGYESÜLET,2151 FÓT SZÉCHENYI ISTVÁN UTCA 46.,"755,876",76,"552,541"
52.,2082,FÉNY ÉS SZERETET KERESZTÉNYEGYHÁZ VALLÁSI EGYESÜLETE,9233 LIPÓT TÓPART UTCA 4.,"1,212,020",159,"423,487"
53.,2305,FÉNY EVANGÉLIUMA EGYESÜLET,2120 DUNAKESZI SZENT ISTVÁN UTCA 15.,"2,748,269",280,"545,291"
54.,2185,FILADELFIA KERESZTÉNY GYÜLEKEZET  EGYESÜLET,7434 MEZŐCSOKONYA SZABADSÁG UTCA 118.,"1,069,728",123,"483,165"
55.,1531,FÜGGETLEN TÖRTÉNELMI PROTESTÁNS EGYESÜLET,2100 GÖDÖLLŐ SZENT IMRE UTCA 6. 3.EMELET.em. 15.ajtó,"1,760,077",197,"496,356"
56.,0578,GOLGOTA KERESZTÉNY GYÜLEKEZET,1073 BUDAPEST ERZSÉBET KÖRÚT 13.,"33,166,910","3,152","584,583"
57.,2415,GRACE HOUSE EGYESÜLET,2117 ISASZEG KOSSUTH LAJOS UTCA 35.,"1,394,853",163,"475,410"
58.,0042,GYÉMÁNT ÚT BUDDHISTA KÖZÖSSÉG,1074 BUDAPEST HUSZÁR U. 7-9,"383,359,303","36,242","587,654"
59.,2707,GYÓGYULÁS HANGJA KERESZTÉNY EGYESÜLET,3524 MISKOLC HAJÓS ALFRÉD UTCA 9. FSZT.em. 2.ajtó,"5,843,596",625,"519,431"
60.,2628,HAJDÚSÁGI TÜZES SZÍVEK VALLÁSI EGYESÜLET,4242 HAJDÚHADHÁZ DR. FÖLDI JÁNOS UTCA 62.,"5,280,041",395,"742,622"
61.,2051,HATÁRTALAN LELKEK TÁRSASÁGA EGYESÜLET,1165 BUDAPEST THALY KÁLMÁN UTCA 16.,"1,521,054",204,"414,230"
62.,2563,H.E JIGTHUB RINPOCHE MAHAYANA BUDDHISTA EGYHÁZ,3067 GARÁB PETŐFI ÚT 41.,"8,299,480",718,"642,176"
63.,0451,HETEDNAP ADVENTISTA REFORMMOZGALOM,3255 FEDÉMES FELSZABADULÁS UTCA 5.,"3,225,096",347,"516,346"
64.,0248,HETEDNAPI ADVENTISTA EGYHÁZ,2119 PÉCEL RÁDAY U. 12,"53,356,441","6,104","485,624"
65.,0279,HIT GYÜLEKEZETE,1103 BUDAPEST GYÖMRŐI ÚT 69,"225,418,966","42,493","294,714"
66.,2958,IGAZSÁG HÁZA GYÜLEKEZET VALLÁSI EGYESÜLET,7623 PÉCS MEGYERI TÉR 10. E.LPH.lh. 2.EM.em. 6.A.ajtó,"451,961",38,"660,762"
67.,0918,IGAZSÁG OSZLOPA TELJES EVANGÉLIUMI KERESZTÉNY EGYESÜLET,1165 BUDAPEST ÚJSZÁSZ UTCA 47. 1.em. 20.a.,"443,635",65,"379,175"
68.,2226,ISTEN EGYHÁZA,2011 BUDAKALÁSZ BUDAI ÚT 55.,"3,349,273",407,"457,176"
69.,2927,ISTEN GYERMEKEI VALLÁSI ÖNFEJLESZTŐ KÖZÖSSÉG,8230 BALATONFÜRED KÉKI VÖLGY HRSZ.4621/1.,"1,578,016",169,"518,743"
70.,0585,ISTEN GYÜLEKEZETE EGYESÜLT PÜNKÖSDI EGYHÁZ,7900 SZIGETVÁR DEÁK FERENC TÉR 20/C. FSZ.em. 3.ajtó,"803,901",63,"708,907"
71.,0640,ISTEN-TAN EGYESÜLET,1034 BUDAPEST SAN MARCO UTCA 49. IV.em. 1.ajtó,"9,644,414","1,069","501,217"
72.,2824,JÁSZSÁGI ÉLIM VALLÁSI EGYESÜLET,5100 JÁSZBERÉNY SZENT LÁSZLÓ UTCA 3. FSZT.em. 1.ajtó,"789,046",71,"617,407"
73.,2147,JÓ HÍR EGYESÜLET,6725 SZEGED VADMACSKA UTCA 24. FSZT.em. 1.ajtó,"3,569,749",428,"463,363"
74.,1146,KELTA-WICCA HAGYOMÁNYŐRZŐK EGYHÁZA,1034 BUDAPEST NAGYSZOMBAT UTCA 25. 1.em. 52.ajtó,"59,606,684","5,719","579,032"
75.,0080,KERESZTÉNY ADVENT KÖZÖSSÉG,1121 BUDAPEST REMETE ÚT 16/A.,"16,484,419","1,791","511,335"
76.,2460,KERESZTÉNY CSALÁD GYÜLEKEZET,9011 GYŐR VONAT ÚT 7.,"8,975,156","1,001","498,122"
77.,1342,KERESZTÉNY ÉLET KÖZPONT EGYESÜLET,3351 VERPELÉT BEZERÉDI ÚT 1.,"3,230,117",397,"452,017"
78.,2192,KERESZTÉNY ESSZÉNUS EGYHÁZ,1033 BUDAPEST REVICZKY EZREDES UTCA 2. D.LPH.lh. 2.EM.em. 4.ajtó,"8,648,226","1,064","451,557"
79.,1926,"KERESZTÉNY KÖZÖSSÉG EGYHÁZ, MOZGALOM A VALLÁSI MEGÚJULÁSÉRT",1051 BUDAPEST NÁDOR UTCA 34. 1.em. 1.ajtó,"19,203,299","1,949","547,383"
80.,2673,KERESZTÉNY TANÍTVÁNYOK KÖZÖSSÉGE VALLÁSI EGYESÜLET,6000 KECSKEMÉT BERZSENYI UTCA 15. 2.EM.em. 6.ajtó,"952,827",102,"518,969"
81.,0169,KERESZTÉNY TESTVÉRI KÖZÖSSÉG,2167 VÁCDUKA KOSSUTH L.U.141.,"6,371,745",760,"465,771"
82.,2037,KIRKO EZOTERIKUS VALLÁSI EGYESÜLET,1072 BUDAPEST RÁKÓCZI ÚT 12/B. III.em. 2.ajtó,"1,541,616",167,"512,846"
83.,0224,KONSTANTINÁPOLYI EGYETEMES PATRIARCHÁTUS MAGYARORSZÁGI ORTHODOX EXARCHÁTUS,1056 BUDAPEST VÁCI UTCA 55. 1/1.em.,"11,450,930","1,059","600,720"
84.,2477,KONTAKT BUDDHISTA VIPASSANA KÖZÖSSÉG,1212 BUDAPEST SZÉCHENYI ISTVÁN UTCA 77.,"8,707,020",795,"608,457"
85.,0970,KOREAIAK MAGYARORSZÁGI ÉS KÖZÉP-EURÓPAI KERESZTÉNY GYÜLEKEZETÉNEK EGYESÜLETE,1062 BUDAPEST SZÉKELY BERTALAN UTCA 11. 2.em.,"17,942,474","1,350","738,373"
86.,2484,KŐSZEGI ZSIDÓ HITKÖZSÉG,9730 KŐSZEG MUNKÁCSY MIHÁLY UTCA 11.HRSZ.2324/1.,"5,464,101",534,"568,467"
87.,2783,KRISZTUS KERESZTJE KERESZTÉNY VALLÁSI EGYESÜLET,1089 BUDAPEST VISI IMRE UTCA 12. FSZ.lh. 2.em.,"2,146,311",255,"467,606"
88.,2271,KRISZTUS KÖZPONTÚ EGYHÁZ SZÍVBUNKER KERESZTÉNY MISSZIÓ ÉS GYÜLEKEZET,1071 BUDAPEST DAMJANICH UTCA 9. VI.em. 2.ajtó,"1,306,416",165,"439,871"
89.,0705,KRISZTUS MAGYARORSZÁGI GYÜLEKEZETE,1097 BUDAPEST DRÉGELY UTCA 6-8/B. VI.EM.em. 6.ajtó,"2,693,059",238,"628,632"
90.,0626,KRISZTUS SZERETETE EGYHÁZ,1203 BUDAPEST TÖRÖK FLÓRIS UTCA 70.,"10,422,998","1,299","445,770"
91.,0671,KRISZTUSBAN HÍVŐ NAZARÉNUS GYÜLEKEZETEK,1134 BUDAPEST CSÁNGÓ U 18/C,"18,922,445","2,697","389,784"
92.,2879,KUNSÁGI REMÉNYSÉG KERESZTÉNY EGYESÜLET,6400 KISKUNHALAS VEZÉR UTCA 3.,"1,351,292",131,"573,067"
93.,2367,KÚTFŐ GYÜLEKEZET EGYESÜLET,4543 LASKOD ARANY JÁNOS UTCA 1.,"1,401,254",217,"358,744"
94.,0437,LECTORIUM ROSICRUCIANUM AZ ARANY RÓZSAKERESZT NEMZETKÖZI ISKOLÁJA EGYESÜLET,2528 ÚNY ÚJTELEP HRSZ 94/5.,"6,552,291",632,"575,975"
95.,2329,LIGMINCHA MAGYARORSZÁG - BÖN BUDDHISTA EGYESÜLET,1114 BUDAPEST ESZÉK UTCA 18.,"3,369,413",311,"601,896"
96.,0152,MAGYAR APOSTOLI EGYHÁZ,1016 BUDAPEST DEZSŐ UTCA 12/B.,"8,631,916","1,601","299,532"
97.,2697,MAGYAR ATLASZ TÁRSASÁG EGYESÜLET,1164 BUDAPEST MAGTÁR UTCA 60-62.,"2,878,649",306,"522,631"
98.,2659,MAGYAR ÉSZAKI TRADÍCIÓ SPIRITUÁLIS KÖZÖSSÉG,8000 SZÉKESFEHÉRVÁR PRÓNAI UTCA 22/B. 2.A.ajtó,"3,437,801",330,"578,754"
99.,1098,MAGYAR EVANGÉLIUMI EGYESÜLET,1068 BUDAPEST KIRÁLY UTCA 80. FSZT.em. 11.ajtó,"11,277,216","1,297","483,047"
100.,2350,MAGYAR EVANGÉLIUMI GYÜLEKEZETEK EGYHÁZA,2451 ERCSI HADAK ÚTJA 38.,"8,567,888",820,"580,480"
101.,0554,MAGYAR ISZLÁM KÖZÖSSÉG,1141 BUDAPEST PASKÁL ÚT 60.,"20,510,880","2,139","532,722"
102.,0011,MAGYAR KATOLIKUS EGYHÁZ,1071 BUDAPEST VÁROSLIGETI FASOR 45,"8,375,797,869","923,590","503,819"
103.,0138,MAGYAR PÜNKÖSDI EGYHÁZ,1143 BUDAPEST GIZELLA U. 37,"64,416,312","8,929","400,793"
104.,0877,MAGYAR TAOISTA EGYHÁZ,1181 BUDAPEST CSONTVÁRY KOSZTKA TIVADAR UTCA 5. VIII.em. 48.ajtó,"30,915,260","2,615","656,793"
105.,0767,MAGYAR VAISNAVA HINDU MISSZIÓ,7621 PÉCS PERCZEL MIKLÓS UTCA 26. I.em. 4.ajtó,"5,787,006",595,"540,337"
106.,0107,MAGYARORSZÁGI AUTONÓM ORTHODOX IZRAELITA HITKÖZSÉG,1074 BUDAPEST DOB UTCA 35,"4,120,165",389,"588,427"
107.,0310,MAGYARORSZÁGI BAHÁ' Í KÖZÖSSÉG,1053 BUDAPEST FERENCIEK TERE 3. II.em. 4.ajtó,"7,700,989",617,"693,408"
108.,0286,MAGYARORSZÁGI BAPTISTA EGYHÁZ,1063 BUDAPEST MUNKÁCSY MIHÁLY UTCA 1.,"642,074,045","64,016","557,217"
109.,0372,MAGYARORSZÁGI BOLGÁR ORTODOX EGYHÁZ,1097 BUDAPEST VÁGOHID U 15,"16,470,904","1,224","747,590"
110.,2752,MAGYARORSZÁGI CSELEKVŐ GONDOLAT KÖZÖSSÉGE,4173 NAGYRÁBÉ KISTORONY UTCA 23.,"2,408,751",228,"586,928"
111.,2439,MAGYARORSZÁGI DRIKUNG KAGYÜ BUDDHISTA EGYHÁZ,8353 ZALASZÁNTÓ VILÁGOSVÁR UTCA 13.,"34,749,099","3,341","577,823"
112.,1706,MAGYARORSZÁGI DRUKPA KAGYÜ BUDDHISTA KÖZÖSSÉG,1111 BUDAPEST VAK BOTTYÁN UTCA 6.,"13,296,944","1,226","602,544"
113.,0035,MAGYARORSZÁGI EVANGÉLIKUS EGYHÁZ,1085 BUDAPEST ÜLLÖI UT 24,"1,138,216,928","114,617","551,701"
114.,0444,MAGYARORSZÁGI EVANGÉLIUMI TESTVÉRKÖZÖSSÉG,1086 BUDAPEST DANKÓ UTCA 11.,"2,017,270,256","164,803","680,027"
115.,2903,MAGYARORSZÁGI HINDU SIVA SHAKTI SADHANA KENDRA KÖZÖSSÉGÉNEK EGYHÁZA,1073 BUDAPEST DOB UTCA 106. 3.EMELET.em. 30.AJTÓ.ajtó,"6,255,069",546,"636,454"
116.,0406,MAGYARORSZÁGI JEHOVA TANÚI EGYHÁZ,1163 BUDAPEST KÖVIRÓZSA U. 1,"124,126,819","17,982","383,491"
117.,0059,MAGYARORSZÁGI KARMA-KAGYÜPA KÖZÖSSÉG,1039 BUDAPEST HUNYADI U 45,"75,373,447","7,393","566,403"
118.,2264,MAGYARORSZÁGI KERESZTYÉN TESTVÉR GYÜLEKEZETEK,1066 BUDAPEST Ó UTCA 16.,"7,603,118",801,"527,335"
119.,1201,MAGYARORSZÁGI KÍNAI CHANBUDDHISTA EGYHÁZ,1164 BUDAPEST RÁDIÓ U. 12/A,"8,631,176","1,325","361,894"
120.,2776,MAGYARORSZÁGI KÍNAI HUAYAN BUDDHISTA EGYHÁZ,1161 BUDAPEST PÁL UTCA 74.,"4,995,515",510,"544,174"
121.,1397,MAGYARORSZÁGI KOPT ORTODOX EGYHÁZ,1185 BUDAPEST SELMECBÁNYA ÚT 68,"6,486,897",624,"577,537"
122.,0389,MAGYARORSZÁGI KRISNA-TUDATÚ HÍVŐK KÖZÖSSÉGE,1039 BUDAPEST LEHEL U 15-17,"1,194,458,976","119,351","555,997"
123.,0073,MAGYARORSZÁGI METODISTA EGYHÁZ,1032 BUDAPEST KISCELLI U 73,"27,673,180","2,924","525,786"
124.,1050,MAGYARORSZÁGI MUSZLIMOK EGYHÁZA,1119 BUDAPEST FEHÉRVÁRI ÚT 41.,"23,392,202","2,116","614,162"
125.,2532,MAGYARORSZÁGI MUSZLIMOK KULTURÁLIS ÉS VALLÁSI EGYESÜLETE,1074 BUDAPEST RÁKÓCZI ÚT 86.,"3,944,208",461,"475,320"
126.,2161,MAGYARORSZÁGI NAGY KELETI ARANY NAP BUDDHISTA KÖZÖSSÉG VALLÁSI EGYESÜLET,1111 BUDAPEST KRUSPÉR UTCA 10. 6.ajtó,"6,754,787",766,"489,903"
127.,0066,MAGYARORSZÁGI REFORMÁTUS EGYHÁZ ,1146 BUDAPEST ABONYI U 21,"3,708,379,353","398,794","516,610"
128.,2556,MAGYARORSZÁGI REMÉNYSÉG EGYHÁZ,4002 DEBRECEN KÜLSŐ SÁMSONI ÚT 93.,"3,055,798",381,"445,582"
129.,0293,MAGYARORSZÁGI ROMÁN ORTODOX EGYHÁZ ,5700 GYULA SZT. MIKLÓS PARK 2,"14,985,221","1,563","532,637"
130.,2446,MAGYARORSZÁGI SZABAD ÖKUMENIKUS KÖZÖSSÉG,2027 DÖMÖS VÖRÖSHEGYI UTCA 18/A.,"12,059,487","1,324","506,021"
131.,0114,MAGYARORSZÁGI SZCIENTOLÓGIA EGYHÁZ,1138 BUDAPEST VÁCI ÚT 169.,"24,084,475","3,449","387,946"
132.,0200,MAGYARORSZÁGI UNITÁRIUS EGYHÁZ,1055 BUDAPEST NAGY IGNÁC UTCA 2-4.,"68,300,087","5,593","678,428"
133.,2972,MAGYARORSZÁGI XUYUN BUDDHISTA CHAN KÖZPONTI VALLÁSI EGYESÜLET,1153 BUDAPEST BELLER IMRE ÚT 123.,"4,988,553",371,"747,013"
134.,0358,MAGYARORSZÁGI ZSIDÓ HITKÖZSÉGEK SZÖVETSÉGE,1075 BUDAPEST SIP U. 12,"190,527,237","15,319","690,962"
135.,2099,MEGÚJULT PÜNKÖSDI ROMA HITKÖZÖSSÉG KERESZTÉNY EGYESÜLET,4242 HAJDÚHADHÁZ PALLAGI UTCA 29.,"1,374,465",181,"421,874"
136.,1139,MEZŐKÖVESDI TELJESEVANGÉLIUMI KERESZTÉNY GYÜLEKEZET EGYESÜLET,3400 MEZŐKÖVESD KOSZTOLÁNYI UTCA 10.,"3,749,294",351,"593,431"
137.,2491,MISSZIÓ AZ ELVESZETTEKÉRT EGYESÜLET,1171 BUDAPEST KECSKEFŰZ UTCA 2.,"7,964,915",882,"501,695"
138.,2989,MOSONMAGYARÓVÁRI EVANGÉLIUMI KERESZTÉNY GYÜLEKEZET,9200 MOSONMAGYARÓVÁR ZRÍNYI MIKLÓS UTCA 18.,"2,272,007",203,"621,786"
139.,1067,MYRAI VALLÁSI KÖZHASZNÚ EGYESÜLET,1146 BUDAPEST THÖKÖLY ÚT 44.,"1,706,761",175,"541,829"
140.,1782,NAGYBOLDOGASSZONY SZERETET EGYESÜLET,1215 BUDAPEST TÁNCSICS MIHÁLY UTCA 46. 2.em. 8.ajtó,"7,255,485",852,"473,102"
141.,2714,NAGYOBB KEGYELEM EGYESÜLET,7030 PAKS DÓZSA GYÖRGY ÚT 63-73.,"513,556",62,"460,176"
142.,1177,NANDAFALVA EGYESÜLET,6764 BALÁSTYA TANYA UTCA 368.,"7,355,598",862,"474,065"
143.,1074,NÁZÁRETI EGYHÁZ,1149 BUDAPEST EGRESSY ÚT 100.,"3,077,244",368,"464,560"
144.,0884,NÉGYSZEGLETKŐ APOSTOLI HIT NEMZETKÖZI EGYHÁZ,1188 BUDAPEST RÁKÓCZI UTCA 23.,"294,528",25,"654,507"
145.,2587,NIWA EGYHÁZ VALLÁSI EGYESÜLET,2094 NAGYKOVÁCSI SZENT FLÓRIÁN UTCA 16.,"399,760",41,"541,680"
146.,2642,NYÍRSÉGI REMÉNYSÉG HÁZA VALLÁSI EGYESÜLET,4341 NYÍRVASVÁRI HAJNAL UTCA 32.,"4,701,586",420,"621,903"
147.,2343,NYITOTT TUDAT BUDDHISTA KÖZÖSSÉG,1027 BUDAPEST MARGIT KÖRÚT 44. IV.EM.em. I/A.ajtó,"37,622,709","3,517","594,299"
148.,0509,NYÚJTSD KI KEZED KRISZTUSÉRT SZERETET GYÜLEKEZET  R.O.F.C. SZERETET EGYESÜLET,2921 KOMÁROM PETŐFI SÁNDOR ÚT 133.,"896,777",109,"457,073"
149.,0303,OM VISHWA GURU DEEP HINDU MANDIR MAHAPRABHUJI A VILÁGMINDENSÉG GURUJA HINDU VALLÁSI KÖZÖSSÉG ÉS SZELLEMI ISKOLA,1094 BUDAPEST BOKRÉTA UTCA 29. FSZT.em. 2.ajtó,"21,825,104","1,915","633,162"
150.,1672,OMEGA HÁLÓZAT EGYHÁZ,1171 BUDAPEST LAJOSHÁZ UTCA 5.,"8,051,910","1,089","410,770"
151.,0365,OROSZ ORTODOX EGYHÁZ MAGYAR EGYHÁZMEGYÉJE /MOSZKVAI PATRIARCHÁTUS/,1052 BUDAPEST PETÖFI TÉR 2,"32,457,557","2,719","663,184"
152.,2941,OTTHON GYÜLEKEZET,6800 HÓDMEZŐVÁSÁRHELY HALÁSZ UTCA 10/A.,"3,640,637",364,"555,653"
153.,2408,ÖKUMENIKUS EGYHÁZ,1136 BUDAPEST HEGEDŰS GYULA UTCA 40. FSZT.em. 1.ajtó,"45,354,368","3,892","647,402"
154.,0729,ÖRMÉNY APOSTOLI VALLÁSI KÖZÖSSÉG EGYESÜLET,1056 BUDAPEST VÁCI UTCA 78-80. IV.em. 8.ajtó,"6,817,631",513,"738,318"
155.,2422,ŐSFÉNY KÖZÖSSÉG VALLÁSI EGYESÜLET,1133 BUDAPEST DRÁVA UTCA 5. B.lh. VIII.em. 22.ajtó,"2,507,789",270,"516,006"
156.,2769,ŐSFORRÁS VALLÁSI EGYESÜLET,2800 TATABÁNYA VEREBÉLYI LÁSZLÓ UTCA 44. 4.em. 2.ajtó,"4,049,458",450,"499,933"
157.,0925,ŐSMAGYAR EGYHÁZ,9400 SOPRON KORONÁZÓ DOMB 20.,"51,358,537","5,061","563,772"
158.,1555,PAULUS EVANGÉLIUMI KÖZÖSSÉG,2049 DIÓSD HUNYADI UTCA 8-9.,"5,008,725",464,"599,704"
159.,2202,REFORM EGYHÁZ,1022 BUDAPEST BALOGVÁR UTCA 5/A. 1.em. 9.ajtó,"17,332,702","1,907","504,944"
160.,2233,REFORM KÖZÖSSÉG EGYESÜLET,8000 SZÉKESFEHÉRVÁR NYITRAI ÚT 13.,"2,128,487",251,"471,113"
161.,2240,SAKYA KALSANG LING(SAKYA SZERENCSÉS FÖLDJE)BUDDHISTA VALLÁSGYAKORLÓK EGYESÜLETE,6800 HÓDMEZŐVÁSÁRHELY TELEKI UTCA 54. 3.ajtó,"4,880,070",518,"523,388"
162.,0145,SHALOM BIBLIAI GYÜLEKEZETEK EGYHÁZA,4026 DEBRECEN BEM TÉR 30.,"3,114,214",444,"389,666"
163.,2745,SION SZAVA TELJES EVANGÉLIUMI GYÜLEKEZET,1078 BUDAPEST NEFELEJCS UTCA 50. ALAGSOR.em. 1/R/1.ajtó,"598,582",62,"536,364"
164.,2123,SOLI DEO GLORIA-REFORMÁLT BAPTISTA GYÜLEKEZET,1083 BUDAPEST SZIGONY UTCA 8.,"2,645,260",235,"625,357"
165.,2374,SPIRITUÁLIS FEJLŐDÉSÉRT EGYESÜLET,1082 BUDAPEST FUTÓ UTCA 25/35686/A/30. 1.em. 103.ajtó,"35,974,397","3,840","520,463"
166.,0822,SZABAD EVANGÉLIUMI GYÜLEKEZET,1134 BUDAPEST BÉKE ÚT 35/A.,"2,679,292",258,"576,936"
167.,2381,SZABADKERESZTÉNY EGYHÁZ,4026 DEBRECEN MESTER UTCA 24.,"10,513,464","1,222","477,972"
168.,2721,SZABOLCSI ÉLETFORRÁS VALLÁSI EGYESÜLET,4482 KÓTAJ HUNYADI JÁNOS UTCA 79.,"2,440,971",247,"549,026"
169.,1184,SZAKJA TASI CSÖLING BUDDHISTA EGYESÜLET,1039 BUDAPEST KIRÁLYOK ÚTJA 38.,"6,625,924",665,"553,544"
170.,0523,"SZANGYE MENLAI GEDÜN, A GYÓGYÍTÓ BUDDHA KÖZÖSSÉGE",2621 VERŐCE TÁBOR UTCA 8.,"8,812,683",801,"611,228"
171.,2666,SZÉKESFEHÉRVÁRI KERESZTÉNY  KÖZÖSSÉG  EGYESÜLET,8000 SZÉKESFEHÉRVÁR DEÁK F. UTCA 29/2. I.em. 3.ajtó,"12,766,863","1,200","591,058"
172.,1005,SZENT HAGYOMÁNYOK ŐRZŐINEK KÖZÖSSÉGE,4245 ÉRPATAK NAPFÉNY- MAJOR 1.,"3,526,293",401,"488,542"
173.,0183,SZENT MARGIT ANGLIKÁN / EPISZKOPÁLIS EGYHÁZ,1117 BUDAPEST MAGYAR TUDÓSOK KÖRÚTJA 3.,"5,855,685",532,"611,496"
174.,2893,SZERESSÜK EGYMÁST MAGYAROK EGYHÁZI EGYESÜLET,5900 OROSHÁZA HAJNAL KÖZ 16. II.EMELET.em. 6.ajtó,"7,827,307",806,"539,517"
175.,1768,SZERETET - KÖZÖSSÉG TELJES EVANGÉLIUMI EGYHÁZ,2083 SOLYMÁR VIOLA UTCA 4.,"2,638,840",306,"479,092"
176.,1373,SZIM SALOM PROGRESSZÍV ZSIDÓ HITKÖZSÉG,1073 BUDAPEST KERTÉSZ UTCA 32. FSZT.em.,"7,183,263",645,"618,713"
177.,1830,SZÖVÉTNEK KERESZTÉNY GYÜLEKEZET EGYESÜLET,1162 BUDAPEST BEKECS UTCA 19.,"2,515,921",257,"543,865"
178.,2109,SZÖVETSÉG TELJES EVANGÉLIUMI EGYESÜLET,4032 DEBRECEN SÁNTHA KÁLMÁN UTCA 15. II/3.em.,"121,136",21,"320,466"
179.,0121,TELJES EVANGÉLIUMI KERESZTYÉN KÖZÖSSÉG MAHANAIM GYÜLEKEZET EGYESÜLETE,1071 BUDAPEST DAMJANICH UTCA 35.,"6,313,420",906,"387,136"
180.,1036,ÚJSZÖVETSÉG GYÜLEKEZET,3531 MISKOLC NAGYVÁTHY JÁNOS UTCA 6.,"11,606,409","3,255","198,095"
181.,2965,UKRÁN ORTODOX VALLÁSI KÖZÖSSÉG BUDAPESTEN,1077 BUDAPEST BAROSS TÉR 17. FSZT.em. Ü-3.ajtó,"9,968,987",717,"772,430"
182.,2116,UNIVERZÁLIS EGYHÁZ,1081 BUDAPEST NÉPSZÍNHÁZ UTCA 27.,"4,324,703",446,"538,702"
183.,1799,USUI SPIRITUAL LERNEJO,1131 BUDAPEST SZENT LÁSZLÓ UTCA 182. FSZT.em. 4.ajtó,"4,856,580",670,"402,701"
184.,1438,ÜDVÖSSÉG HIRDETŐI EGYHÁZ,1181 BUDAPEST HOSSZÚHÁZ UTCA 4. I.em. 3.ajtó,"1,143,248",141,"450,452"
185.,2312,"VAIDIKA PRATISTHANA SANGHA, VÉDIKUS DHARMA HINDU KÖZÖSSÉG, MAGYARORSZÁG EGYESÜLET",2016 LEÁNYFALU SZILOSI UTCA 4.,"4,646,135",480,"537,747"
186.,2594,YAHUAH ÚTJA EGYESÜLET,6113 PETŐFISZÁLLÁS . TANYA 617.,"2,511,907",281,"496,621"
